Ticker,TMO,TMO,TMO,TMO,TMO,TMO,DELL,DELL,DELL,DELL,DELL,DELL,META,META,META,META,META,META,AAPL,AAPL,AAPL,AAPL,AAPL,AAPL,MSFT,MSFT,MSFT,MSFT,MSFT,MSFT,TSLA,TSLA,TSLA,TSLA,TSLA,TSLA
Price,Open,High,Low,Close,Adj Close,Volume,Open,High,Low,Close,Adj Close,Volume,Open,High,Low,Close,Adj Close,Volume,Open,High,Low,Close,Adj Close,Volume,Open,High,Low,Close,Adj Close,Volume,Open,High,Low,Close,Adj Close,Volume
Datetime,,,,,,,,,,,,,,,,,,,,,,,,,,,,,,,,,,,,
2026-09-24 09:30:00-04:00,660.9099731445312,665.2999877929688,655.9500122070312,663.60498046875,663.60498046875,115890,535.969970703125,542.0,533.0,539.3612060546875,539.3612060546875,490279,756.8300170898438,760.7799072265625,747.6900024414062,759.8599853515625,759.8599853515625,4461209,336.32000732421875,337.1000061035156,335.1300048828125,336.3599853515625,336.3599853515625,1563482,492.0050048828125,495.6317138671875,491.760009765625,495.0400085449219,495.0400085449219,1096426,376.8599853515625,378.7499084472656,376.6581115722656,376.9602966308594,376.9602966308594,1933854
2026-09-24 09:35:00-04:00,664.0050048828125,666.030029296875,662.7100219726562,664.9600219726562,664.9600219726562,27430,538.8499755859375,545.2650146484375,538.0,543.6699829101562,543.6699829101562,217183,759.77001953125,763.0,752.2000122070312,756.75,756.75,1421697,336.3500061035156,336.9599914550781,335.3599853515625,335.510009765625,335.510009765625,366362,495.18499755859375,495.19000244140625,493.0799865722656,493.80499267578125,493.80499267578125,273890,377.0450134277344,378.5199890136719,376.3599853515625,378.364990234375,378.364990234375,652681
2026-09-24 09:40:00-04:00,664.7951049804688,671.2999877929688,664.6799926757812,671.2999877929688,671.2999877929688,86386,543.6699829101562,545.9398803710938,538.75,542.469970703125,542.469970703125,181877,756.75,764.0,755.6199951171875,758.2150268554688,758.2150268554688,914199,335.5448913574219,335.8500061035156,334.29998779296875,334.9490051269531,334.9490051269531,502606,493.8440856933594,494.0098876953125,492.9200134277344,493.7250061035156,493.7250061035156,391786,378.3380126953125,378.510009765625,377.20001220703125,378.3399963378906,378.3399963378906,398235
2026-09-24 09:45:00-04:00,671.3699951171875,672.3400268554688,670.030029296875,670.8300170898438,670.8300170898438,132764,542.7650146484375,543.9400024414062,539.4299926757812,540.8300170898438,540.8300170898438,85128,758.14501953125,758.9794921875,754.0599975585938,755.969970703125,755.969970703125,585700,334.95001220703125,335.67999267578125,334.70001220703125,335.5450134277344,335.5450134277344,387933,493.7099914550781,493.7799987792969,491.5299987792969,492.6466979980469,492.6466979980469,313343,378.42999267578125,379.20001220703125,377.57000732421875,377.67999267578125,377.67999267578125,472465
2026-09-24 09:50:00-04:00,671.0,674.4598999023438,670.655029296875,673.8099975585938,673.8099975585938,32278,540.6599731445312,540.7999877929688,536.1199951171875,537.260009765625,537.260009765625,125118,756.010009765625,758.7899780273438,754.1500244140625,757.8049926757812,757.8049926757812,599235,335.5400085449219,337.0,335.20001220703125,336.4700012207031,336.4700012207031,556567,492.6600036621094,492.8399963378906,491.2200012207031,491.69500732421875,491.69500732421875,358954,377.7049865722656,378.909912109375,377.0856018066406,378.6600036621094,378.6600036621094,464087
2026-09-24 09:55:00-04:00,673.8099975585938,677.969970703125,673.1099853515625,676.5499877929688,676.5499877929688,84758,537.5599975585938,538.7000122070312,536.8812255859375,537.989990234375,537.989990234375,72071,757.7313232421875,759.6799926757812,755.7152099609375,758.864990234375,758.864990234375,479191,336.55999755859375,337.5,336.3500061035156,337.3500061035156,337.3500061035156,416927,491.6549987792969,493.44000244140625,491.54998779296875,492.8949890136719,492.8949890136719,314282,378.55999755859375,379.46990966796875,378.19000244140625,378.889892578125,378.889892578125,422527
2026-09-24 10:00:00-04:00,676.5499877929688,677.2000122070312,675.4000244140625,676.3399047851562,676.3399047851562,42924,537.864990234375,542.9461059570312,537.864990234375,542.5900268554688,542.5900268554688,71539,758.60498046875,762.4000244140625,757.6599731445312,761.5999755859375,761.5999755859375,519036,337.32000732421875,337.70001220703125,336.75,337.07501220703125,337.07501220703125,446473,492.9200134277344,493.0,492.1499938964844,492.79998779296875,492.79998779296875,224260,378.8800048828125,379.94000244140625,378.6300048828125,379.1099853515625,379.1099853515625,377120
2026-09-24 10:05:00-04:00,676.3200073242188,677.3699951171875,674.0499877929688,676.7750244140625,676.7750244140625,58240,542.5700073242188,542.60498046875,536.75,538.0,538.0,72183,761.75,766.99951171875,759.0,766.64501953125,766.64501953125,796616,337.07000732421875,338.260009765625,337.07000732421875,337.8399963378906,337.8399963378906,423957,492.79998779296875,493.1000061035156,492.04998779296875,492.9049987792969,492.9049987792969,143322,379.1499938964844,379.739013671875,378.75,379.25,379.25,283543
2026-09-24 10:10:00-04:00,677.3300170898438,681.5499877929688,676.885009765625,680.0700073242188,680.0700073242188,159368,537.875,538.719970703125,536.6243896484375,537.0999755859375,537.0999755859375,54564,766.6353149414062,766.909912109375,760.02001953125,763.3800048828125,763.3800048828125,870317,337.8550109863281,337.8799133300781,336.92999267578125,337.3299865722656,337.3299865722656,280609,492.92059326171875,492.95001220703125,492.1400146484375,492.5950012207031,492.5950012207031,186586,379.25,379.75,378.93011474609375,379.55999755859375,379.55999755859375,244919
2026-09-24 10:15:00-04:00,680.0601196289062,680.9694213867188,677.9567260742188,678.0650024414062,678.0650024414062,47022,536.85498046875,538.5,535.4600219726562,535.8665161132812,535.8665161132812,68108,763.5800170898438,765.0,759.5599975585938,764.1834106445312,764.1834106445312,496997,337.3500061035156,337.8399963378906,337.3500061035156,337.6650085449219,337.6650085449219,207827,492.55999755859375,493.94989013671875,492.1400146484375,493.8399963378906,493.8399963378906,235525,379.489990234375,379.6199951171875,377.3399963378906,377.45001220703125,377.45001220703125,423130
2026-09-24 10:20:00-04:00,677.469970703125,678.52001953125,676.9400024414062,677.3150024414062,677.3150024414062,40510,535.719970703125,536.4998779296875,533.8800048828125,535.239990234375,535.239990234375,104040,764.2449951171875,767.780029296875,762.1400146484375,765.8516235351562,765.8516235351562,713721,337.6650085449219,337.70001220703125,337.29998779296875,337.40008544921875,337.40008544921875,210294,493.7950134277344,494.739990234375,493.5400085449219,493.95001220703125,493.95001220703125,245551,377.510009765625,378.3900146484375,376.260009765625,378.2749938964844,378.2749938964844,700694
2026-09-24 10:25:00-04:00,676.760009765625,677.5900268554688,676.0599975585938,676.0599975585938,676.0599975585938,12812,535.239990234375,537.0,535.0,536.02001953125,536.02001953125,67389,765.5999755859375,768.64990234375,764.5800170898438,765.760009765625,765.760009765625,558636,337.44500732421875,337.7900085449219,337.30999755859375,337.43499755859375,337.43499755859375,156809,494.0039978027344,494.4299011230469,493.43829345703125,493.75,493.75,131734,378.2900085449219,379.239990234375,377.9202880859375,378.2799987792969,378.2799987792969,386987
2026-09-24 10:30:00-04:00,675.8099975585938,678.0499877929688,675.8099975585938,677.5399780273438,677.5399780273438,42070,536.010009765625,536.6380004882812,534.4199829101562,535.6799926757812,535.6799926757812,73262,765.760009765625,766.4299926757812,761.0999755859375,764.3964233398438,764.3964233398438,433512,337.4700012207031,337.57000732421875,336.1300048828125,336.32000732421875,336.32000732421875,307377,493.7550048828125,494.05999755859375,493.0199890136719,493.3760070800781,493.3760070800781,138916,378.239990234375,378.9100036621094,377.29998779296875,378.698486328125,378.698486328125,380274
2026-09-24 10:35:00-04:00,677.5399780273438,678.5399780273438,676.75,676.75,676.75,44646,535.5750122070312,536.7598876953125,534.9600219726562,535.4149780273438,535.4149780273438,69944,764.4899291992188,766.2000122070312,763.5,765.9992065429688,765.9992065429688,409120,336.3399963378906,336.739990234375,336.2449951171875,336.5249938964844,336.5249938964844,189557,493.3599853515625,494.260009765625,493.1700134277344,494.2200012207031,494.2200012207031,110273,378.6499938964844,379.0539855957031,377.9100036621094,378.1000061035156,378.1000061035156,192600
2026-09-24 10:40:00-04:00,677.22998046875,678.4500122070312,676.10009765625,676.7899780273438,676.7899780273438,25492,535.4099731445312,536.139892578125,533.8800048828125,534.1599731445312,534.1599731445312,65947,765.9495239257812,768.0,764.5,764.6900024414062,764.6900024414062,452446,336.5299987792969,336.7349853515625,336.20001220703125,336.29998779296875,336.29998779296875,173611,494.27099609375,494.6199951171875,493.9700927734375,494.239990234375,494.239990234375,148787,378.1400146484375,378.2799987792969,377.2099914550781,377.3500061035156,377.3500061035156,232191
2026-09-24 10:45:00-04:00,676.8200073242188,678.10498046875,676.3900146484375,676.6199951171875,676.6199951171875,37562,534.1400146484375,535.619873046875,533.0999755859375,533.0999755859375,533.0999755859375,83715,764.77001953125,767.3400268554688,763.0418090820312,766.4650268554688,766.4650268554688,363835,336.239990234375,336.7799987792969,336.20001220703125,336.6700134277344,336.6700134277344,135582,494.34991455078125,495.1499938964844,493.99029541015625,494.9840087890625,494.9840087890625,496601,377.3500061035156,377.8900146484375,376.9750061035156,377.5299987792969,377.5299987792969,301123
2026-09-24 10:50:00-04:00,676.6199951171875,676.6300048828125,672.6099853515625,672.6799926757812,672.6799926757812,37268,533.6300048828125,534.01171875,531.2899780273438,532.7899780273438,532.7899780273438,160971,766.4650268554688,770.4099731445312,766.2899780273438,769.8900756835938,769.8900756835938,594698,336.6700134277344,336.7720947265625,336.32080078125,336.4411926269531,336.4411926269531,135225,495.01409912109375,495.6050109863281,494.54010009765625,494.69000244140625,494.69000244140625,208609,377.54998779296875,378.0,377.1618957519531,377.2550048828125,377.2550048828125,168420
2026-09-24 10:55:00-04:00,672.760009765625,673.8400268554688,671.6300048828125,673.8400268554688,673.8400268554688,61376,533.0416870117188,533.9199829101562,532.0,533.3800048828125,533.3800048828125,88358,770.02001953125,770.9000244140625,767.1199951171875,768.3300170898438,768.3300170898438,609506,336.43499755859375,336.5,336.0404968261719,336.2370910644531,336.2370910644531,146306,494.67041015625,494.68499755859375,493.6549987792969,493.81500244140625,493.81500244140625,162589,377.2099914550781,377.2799987792969,376.510009765625,376.82501220703125,376.82501220703125,225084
2026-09-24 11:00:00-04:00,673.7000122070312,673.7000122070312,672.1773681640625,672.77001953125,672.77001953125,35728,533.5900268554688,534.4739990234375,532.8200073242188,533.5050048828125,533.5050048828125,65632,768.2550048828125,769.5399780273438,766.9400024414062,767.7758178710938,767.7758178710938,387785,336.260009765625,336.2948913574219,335.8800048828125,335.9403991699219,335.9403991699219,258755,493.75,494.5899963378906,493.5,494.4200134277344,494.4200134277344,108057,376.79998779296875,377.3900146484375,376.7001037597656,376.8976135253906,376.8976135253906,231631
2026-09-24 11:05:00-04:00,672.1434936523438,673.3099975585938,671.8400268554688,672.9450073242188,672.9450073242188,31318,533.5050048828125,533.8632202148438,532.0800170898438,532.0999755859375,532.0999755859375,69868,767.530029296875,768.3699951171875,763.1199951171875,763.3599853515625,763.3599853515625,406841,335.92999267578125,336.40850830078125,335.6499938964844,336.18499755859375,336.18499755859375,173112,494.42498779296875,494.7300109863281,493.9100036621094,494.375,494.375,114510,376.8699951171875,377.1199951171875,376.3399963378906,376.3999938964844,376.3999938964844,191931
2026-09-24 11:10:00-04:00,672.9400024414062,673.4420166015625,671.9149780273438,672.125,672.125,29588,532.510009765625,532.7000122070312,531.010009765625,532.0650024414062,532.0650024414062,86420,763.4299926757812,765.7100219726562,763.1300048828125,764.64501953125,764.64501953125,326324,336.1700134277344,336.44000244140625,335.69000244140625,335.79998779296875,335.79998779296875,163496,494.3800048828125,494.5653991699219,492.92999267578125,493.05999755859375,493.05999755859375,196113,376.3999938964844,376.66351318359375,376.010009765625,376.301513671875,376.301513671875,285074
2026-09-24 11:15:00-04:00,672.6300048828125,673.6798706054688,671.489990234375,671.552490234375,671.552490234375,37104,531.510009765625,532.8699951171875,531.02001953125,531.02001953125,531.02001953125,66137,764.7073974609375,767.2399291992188,764.4000244140625,766.39501953125,766.39501953125,313337,335.79998779296875,336.42999267578125,335.7900085449219,336.2550048828125,336.2550048828125,135571,493.05499267578125,494.125,492.94000244140625,494.125,494.125,128594,376.25,376.92999267578125,376.17999267578125,376.67999267578125,376.67999267578125,515602
2026-09-24 11:20:00-04:00,671.5250244140625,671.5250244140625,669.6099853515625,669.7449951171875,669.7449951171875,49474,531.2349853515625,533.0,530.6099853515625,532.6500244140625,532.6500244140625,76936,766.5599975585938,768.0,765.8300170898438,766.85498046875,766.85498046875,266148,336.2349853515625,336.6199951171875,336.1600036621094,336.3800048828125,336.3800048828125,154325,494.1300048828125,495.20001220703125,494.07000732421875,494.9507141113281,494.9507141113281,230675,376.67999267578125,377.57000732421875,376.3699951171875,377.44000244140625,377.44000244140625,243200
2026-09-24 11:25:00-04:00,669.3099975585938,669.47998046875,668.3099975585938,668.3099975585938,668.3099975585938,19008,532.7100219726562,532.8798217773438,531.3900146484375,531.6799926757812,531.6799926757812,55802,766.85498046875,767.1300048828125,763.6500854492188,764.4400024414062,764.4400024414062,311389,336.3399963378906,336.3699951171875,335.7799987792969,336.05499267578125,336.05499267578125,147439,495.0249938964844,495.20001220703125,494.4200134277344,494.6000061035156,494.6000061035156,91313,377.4200134277344,377.44000244140625,376.29998779296875,376.5199890136719,376.5199890136719,192383
2026-09-24 11:30:00-04:00,668.6599731445312,669.6699829101562,668.0,668.1099853515625,668.1099853515625,32036,531.5999755859375,533.2886962890625,531.5999755859375,532.135009765625,532.135009765625,92387,764.2100219726562,766.7789916992188,763.5399780273438,766.219970703125,766.219970703125,271265,336.05499267578125,336.3500061035156,335.91009521484375,335.9646911621094,335.9646911621094,139171,494.6199951171875,494.9599914550781,494.3699951171875,494.851806640625,494.851806640625,101488,376.55999755859375,376.7300109863281,376.29998779296875,376.42999267578125,376.42999267578125,160769
2026-09-24 11:35:00-04:00,668.4349975585938,669.7899780273438,667.9400024414062,669.4650268554688,669.4650268554688,46870,532.135009765625,533.2999877929688,531.7050170898438,531.760009765625,531.760009765625,48132,766.280029296875,767.6799926757812,765.75,766.0850219726562,766.0850219726562,289012,335.989990234375,336.3800048828125,335.989990234375,336.1199951171875,336.1199951171875,131442,494.8699951171875,495.1000061035156,494.2300109863281,494.4100036621094,494.4100036621094,109623,376.4599914550781,376.9700012207031,376.4100036621094,376.53009033203125,376.53009033203125,181068
2026-09-24 11:40:00-04:00,669.6500244140625,669.77001953125,667.5399780273438,668.4113159179688,668.4113159179688,22584,531.8800048828125,533.47998046875,531.510986328125,533.3049926757812,533.3049926757812,69647,766.0850219726562,767.6298828125,765.7999877929688,766.9000244140625,766.9000244140625,241092,336.1499938964844,336.2381896972656,336.0,336.1199951171875,336.1199951171875,104368,494.4599914550781,495.2699890136719,494.44000244140625,495.06500244140625,495.06500244140625,64826,376.55059814453125,376.83990478515625,376.2300109863281,376.78509521484375,376.78509521484375,172283
2026-09-24 11:45:00-04:00,668.6699829101562,669.77001953125,667.8499755859375,669.5349731445312,669.5349731445312,19256,533.4099731445312,534.5050048828125,532.8499755859375,533.0449829101562,533.0449829101562,73457,766.9000244140625,769.0899047851562,765.6799926757812,766.22998046875,766.22998046875,213163,336.1099853515625,336.2900085449219,335.8399963378906,335.94000244140625,335.94000244140625,125180,495.06500244140625,495.3699951171875,494.7200012207031,495.0375061035156,495.0375061035156,197019,376.7799987792969,377.0245056152344,376.239990234375,376.489990234375,376.489990234375,162542
2026-09-24 11:50:00-04:00,669.6799926757812,670.27001953125,668.75,669.5198974609375,669.5198974609375,18418,533.1599731445312,533.5155029296875,532.7150268554688,533.0449829101562,533.0449829101562,48306,766.3099975585938,768.4299926757812,765.6500854492188,766.3900146484375,766.3900146484375,198267,335.9200134277344,336.5,335.9150085449219,336.489990234375,336.489990234375,218355,495.010009765625,495.739990234375,494.8900146484375,495.57501220703125,495.57501220703125,263551,376.4649963378906,376.9424133300781,376.3999938964844,376.69000244140625,376.69000244140625,132432
2026-09-24 11:55:00-04:00,669.219970703125,669.52001953125,668.239990234375,668.9500122070312,668.9500122070312,30638,533.2899780273438,533.4799194335938,530.5,532.0999755859375,532.0999755859375,86972,766.385009765625,767.719970703125,765.0,767.5399780273438,767.5399780273438,263634,336.4700012207031,336.69000244140625,336.3699035644531,336.5,336.5,236178,495.57501220703125,495.6000061035156,495.07000732421875,495.0899963378906,495.0899963378906,85586,376.69000244140625,376.9150085449219,376.4700012207031,376.54998779296875,376.54998779296875,112320
2026-09-24 12:00:00-04:00,668.22998046875,669.1300048828125,668.0800170898438,668.3350219726562,668.3350219726562,39270,531.7650146484375,532.4099731445312,530.4500122070312,532.260009765625,532.260009765625,64983,767.6900024414062,768.0,764.969970703125,765.47998046875,765.47998046875,298727,336.5249938964844,337.23370361328125,336.510009765625,337.0950012207031,337.0950012207031,325332,495.114990234375,495.3599853515625,494.80999755859375,494.95001220703125,494.95001220703125,92315,376.55999755859375,376.6600036621094,376.1401062011719,376.5350036621094,376.5350036621094,219473
2026-09-24 12:05:00-04:00,668.52001953125,668.8300170898438,667.8599853515625,668.780029296875,668.780029296875,12274,532.0,532.5900268554688,530.8300170898438,531.77001953125,531.77001953125,49320,765.4099731445312,765.7595825195312,763.510009765625,763.8800048828125,763.8800048828125,238297,337.0799865722656,337.1199951171875,336.8999938964844,337.0400085449219,337.0400085449219,121625,494.9591064453125,495.7300109863281,494.510009765625,494.6700134277344,494.6700134277344,82492,376.5899963378906,376.6099853515625,376.239990234375,376.31988525390625,376.31988525390625,106758
2026-09-24 12:10:00-04:00,668.8400268554688,669.1099853515625,667.8400268554688,668.780029296875,668.780029296875,20712,531.5399780273438,532.6099853515625,531.5399780273438,532.3200073242188,532.3200073242188,49609,763.77001953125,764.5599975585938,760.5,762.375,762.375,347257,337.05499267578125,337.92999267578125,337.04010009765625,337.92498779296875,337.92498779296875,224282,494.739990234375,494.7619934082031,493.75,494.7619934082031,494.7619934082031,91957,376.2699890136719,376.4560852050781,375.70001220703125,376.3399963378906,376.3399963378906,259844
2026-09-24 12:15:00-04:00,668.7999877929688,671.6400146484375,668.6599731445312,669.9000244140625,669.9000244140625,37998,532.60498046875,535.5,532.52001953125,534.6011962890625,534.6011962890625,121555,762.3400268554688,769.75,762.3400268554688,769.3400268554688,769.3400268554688,675689,337.92498779296875,338.9100036621094,337.75,337.9700012207031,337.9700012207031,441652,494.7049865722656,496.79998779296875,494.42010498046875,495.4599914550781,495.4599914550781,219663,376.29998779296875,379.57501220703125,376.2900085449219,378.8299865722656,378.8299865722656,751269
2026-09-24 12:20:00-04:00,669.9000244140625,670.719970703125,669.489990234375,670.6500244140625,670.6500244140625,42730,534.75,535.8800048828125,534.2509765625,534.6400146484375,534.6400146484375,76309,769.280029296875,770.7999877929688,768.22998046875,770.1099853515625,770.1099853515625,597810,337.9800109863281,338.30999755859375,337.5,337.67999267578125,337.67999267578125,193209,495.4200134277344,495.6300048828125,494.510009765625,495.1568908691406,495.1568908691406,129964,378.8299865722656,380.2998962402344,378.80999755859375,379.95001220703125,379.95001220703125,532195
2026-09-24 12:25:00-04:00,670.5,671.6199951171875,669.5399780273438,670.4450073242188,670.4450073242188,25640,534.5800170898438,535.3399047851562,532.8634033203125,533.6530151367188,533.6530151367188,65230,770.0307006835938,770.5399780273438,767.7899780273438,768.5800170898438,768.5800170898438,335776,337.7300109863281,337.95001220703125,337.4100036621094,337.8299865722656,337.8299865722656,118895,495.2099914550781,495.55999755859375,494.6156005859375,495.30499267578125,495.30499267578125,98849,379.9949951171875,380.17999267578125,378.44000244140625,380.17999267578125,380.17999267578125,516426
2026-09-24 12:30:00-04:00,670.3200073242188,670.489990234375,669.0499877929688,669.364990234375,669.364990234375,32840,533.5250244140625,534.4598999023438,533.051025390625,534.114990234375,534.114990234375,75367,768.72998046875,768.9730224609375,766.4000244140625,767.1900024414062,767.1900024414062,181049,337.82000732421875,338.0038146972656,337.489990234375,337.8699951171875,337.8699951171875,194720,495.30499267578125,495.6400146484375,494.8500061035156,495.3349914550781,495.3349914550781,111980,380.1300048828125,380.6000061035156,379.3699951171875,379.68499755859375,379.68499755859375,392976
2026-09-24 12:35:00-04:00,669.3599853515625,670.719970703125,669.3499755859375,670.0145874023438,670.0145874023438,18766,534.0,537.1900024414062,533.5200805664062,536.260009765625,536.260009765625,100223,767.1248779296875,770.3295288085938,766.6600952148438,767.760009765625,767.760009765625,236211,337.9100036621094,338.0398864746094,337.6615905761719,338.0299987792969,338.0299987792969,112119,495.3399963378906,495.69000244140625,495.19000244140625,495.3616943359375,495.3616943359375,83379,379.6600036621094,381.6099853515625,379.4100036621094,381.57501220703125,381.57501220703125,414740
2026-09-24 12:40:00-04:00,670.344970703125,671.3800048828125,670.030029296875,670.030029296875,670.030029296875,37414,536.260009765625,538.6300048828125,535.6699829101562,536.0,536.0,112782,767.6801147460938,769.09912109375,767.3201293945312,768.4550170898438,768.4550170898438,153873,338.0299987792969,338.5799865722656,337.875,338.1700134277344,338.1700134277344,406518,495.29010009765625,496.1199951171875,495.20001220703125,495.3699951171875,495.3699951171875,119560,381.6095886230469,383.3323974609375,381.1700134277344,381.20001220703125,381.20001220703125,688534
2026-09-24 12:45:00-04:00,669.7100219726562,670.1300048828125,669.3300170898438,669.77001953125,669.77001953125,18402,536.25,537.0,534.3499755859375,536.9268188476562,536.9268188476562,72095,768.4550170898438,769.9498901367188,767.9500122070312,769.659912109375,769.659912109375,176247,338.1600036621094,338.510009765625,337.8999938964844,338.45001220703125,338.45001220703125,222883,495.3399963378906,496.5599060058594,495.31500244140625,496.4599914550781,496.4599914550781,106577,381.2250061035156,382.7799987792969,381.20001220703125,382.7099914550781,382.7099914550781,380692
2026-09-24 12:50:00-04:00,669.77001953125,670.4349975585938,669.5499877929688,669.9550170898438,669.9550170898438,28320,536.7449951171875,537.5651245117188,535.0499877929688,536.8049926757812,536.8049926757812,85647,769.7449951171875,770.3699951171875,768.4099731445312,768.8200073242188,768.8200073242188,266082,338.489990234375,338.510009765625,338.04998779296875,338.16009521484375,338.16009521484375,96300,496.5599060058594,496.9800109863281,496.4700012207031,496.92999267578125,496.92999267578125,114145,382.7040100097656,383.0799865722656,381.8385925292969,381.9100036621094,381.9100036621094,425554
2026-09-24 12:55:00-04:00,669.989990234375,671.1400146484375,669.989990234375,670.5900268554688,670.5900268554688,15632,536.77001953125,538.2100219726562,536.22998046875,537.009521484375,537.009521484375,91035,768.9199829101562,772.6799926757812,768.5814208984375,772.1500244140625,772.1500244140625,432843,338.1700134277344,338.5799865722656,338.1600036621094,338.4599914550781,338.4599914550781,137432,496.8999938964844,496.94000244140625,496.2349853515625,496.32000732421875,496.32000732421875,87769,381.94000244140625,383.1000061035156,381.8840026855469,382.3999938964844,382.3999938964844,297815
2026-09-24 13:00:00-04:00,670.3699951171875,671.47998046875,670.02001953125,670.9550170898438,670.9550170898438,28970,536.969970703125,537.7100219726562,535.8499755859375,536.9500122070312,536.9500122070312,54157,772.1500244140625,773.3499755859375,770.1900024414062,773.3499755859375,773.3499755859375,327769,338.4599914550781,338.510009765625,338.0899963378906,338.260009765625,338.260009765625,159115,496.2439880371094,496.44000244140625,495.7799987792969,496.0421142578125,496.0421142578125,116262,382.3800048828125,382.6600036621094,381.95001220703125,382.54998779296875,382.54998779296875,298353
2026-09-24 13:05:00-04:00,670.60498046875,671.1599731445312,670.219970703125,670.9299926757812,670.9299926757812,17342,537.1900024414062,537.52001953125,536.0300903320312,536.6500244140625,536.6500244140625,66310,773.3049926757812,774.25,771.3001098632812,771.8900146484375,771.8900146484375,288710,338.2799987792969,338.42999267578125,338.05999755859375,338.1600036621094,338.1600036621094,94997,496.1000061035156,496.4599914550781,495.9200134277344,496.30999755859375,496.30999755859375,94922,382.6000061035156,382.7900085449219,381.62298583984375,381.8909912109375,381.8909912109375,295968
2026-09-24 13:10:00-04:00,670.9199829101562,672.905029296875,669.7000122070312,672.7349853515625,672.7349853515625,46232,536.6500244140625,536.719970703125,535.2000732421875,536.2360229492188,536.2360229492188,58949,771.7200927734375,772.6754760742188,770.4299926757812,772.5900268554688,772.5900268554688,240571,338.1600036621094,338.42999267578125,337.8599853515625,338.4100036621094,338.4100036621094,119308,496.2749938964844,496.44000244140625,495.8800048828125,496.2699890136719,496.2699890136719,76754,381.8901062011719,382.4700012207031,381.3500061035156,382.17498779296875,382.17498779296875,279389
2026-09-24 13:15:00-04:00,672.5850219726562,674.719970703125,672.5850219726562,674.3099975585938,674.3099975585938,30904,536.4199829101562,538.8900146484375,535.3599853515625,538.5,538.5,122614,772.5250244140625,772.6994018554688,771.5800170898438,771.7999877929688,771.7999877929688,125385,338.3901062011719,338.510009765625,338.1000061035156,338.125,338.125,166196,496.2799987792969,496.4269104003906,495.8599853515625,495.8800048828125,495.8800048828125,71956,382.17498779296875,382.3599853515625,381.7101135253906,381.8349914550781,381.8349914550781,182706
2026-09-24 13:20:00-04:00,673.8599853515625,674.3090209960938,672.8400268554688,673.5999755859375,673.5999755859375,56474,538.3300170898438,538.6998901367188,536.8300170898438,537.6688842773438,537.6688842773438,90171,771.7100219726562,772.0900268554688,770.4000244140625,771.0499877929688,771.0499877929688,140977,338.07000732421875,338.19989013671875,337.8550109863281,337.8900146484375,337.8900146484375,140536,495.885009765625,496.0450134277344,495.4800109863281,495.8399963378906,495.8399963378906,135776,381.8004150390625,381.8500061035156,381.1499938964844,381.1866149902344,381.1866149902344,244108
2026-09-24 13:25:00-04:00,673.3049926757812,673.9149780273438,673.010009765625,673.239990234375,673.239990234375,14470,537.6599731445312,537.8928833007812,535.2637939453125,535.510009765625,535.510009765625,55436,770.9500122070312,771.8499755859375,770.0800170898438,771.236328125,771.236328125,143893,337.8999938964844,338.17999267578125,337.75,338.1449890136719,338.1449890136719,356744,495.7699890136719,496.0299987792969,495.239990234375,495.95001220703125,495.95001220703125,70020,381.2099914550781,381.2799987792969,380.3999938964844,380.95001220703125,380.95001220703125,293846
2026-09-24 13:30:00-04:00,672.72998046875,673.1199951171875,671.4199829101562,671.969970703125,671.969970703125,10320,535.7100219726562,536.2817993164062,535.030029296875,535.1329956054688,535.1329956054688,51870,771.3099975585938,772.2150268554688,770.5800170898438,770.89501953125,770.89501953125,158864,338.1549987792969,338.2900085449219,337.260009765625,337.2699890136719,337.2699890136719,184737,495.94000244140625,496.30999755859375,495.5199890136719,495.6499938964844,495.6499938964844,68144,380.95001220703125,381.22198486328125,380.6499938964844,380.6650085449219,380.6650085449219,149443
2026-09-24 13:35:00-04:00,671.97998046875,673.2000122070312,671.5,672.9500122070312,672.9500122070312,25572,535.02001953125,535.6199951171875,533.010009765625,535.3300170898438,535.3300170898438,83989,770.922607421875,771.0599975585938,769.1500244140625,770.1199951171875,770.1199951171875,138229,337.2799987792969,337.489990234375,337.1700134277344,337.36248779296875,337.36248779296875,161554,495.6700134277344,495.75,495.1792907714844,495.42999267578125,495.42999267578125,48265,380.6401062011719,380.75,380.30999755859375,380.5899963378906,380.5899963378906,171362
2026-09-24 13:40:00-04:00,673.1799926757812,673.3599853515625,672.27001953125,672.6099853515625,672.6099853515625,22624,535.3200073242188,535.3599853515625,534.0,534.5499877929688,534.5499877929688,67560,769.905029296875,770.6715698242188,768.9000244140625,769.239990234375,769.239990234375,147324,337.46820068359375,337.4849853515625,336.8550109863281,336.8800048828125,336.8800048828125,159251,495.4100036621094,495.5899963378906,494.80999755859375,494.8599853515625,494.8599853515625,61940,380.6000061035156,381.07000732421875,380.40008544921875,380.5851135253906,380.5851135253906,150986
2026-09-24 13:45:00-04:00,673.0800170898438,673.0800170898438,671.8400268554688,671.8400268554688,671.8400268554688,18930,534.22998046875,534.9982299804688,534.0,534.7716064453125,534.7716064453125,49014,769.239990234375,770.219970703125,768.9000244140625,769.885009765625,769.885009765625,192520,336.8900146484375,336.9100036621094,336.6300048828125,336.82501220703125,336.82501220703125,632750,494.8299865722656,495.32000732421875,494.7099914550781,495.1050109863281,495.1050109863281,72143,380.59539794921875,380.8900146484375,380.2699890136719,380.70001220703125,380.70001220703125,174365
2026-09-24 13:50:00-04:00,672.5800170898438,672.6500244140625,672.0599975585938,672.1751098632812,672.1751098632812,24358,534.8392944335938,535.0125732421875,533.2800903320312,533.5700073242188,533.5700073242188,54854,769.885009765625,770.0499877929688,769.0,769.4199829101562,769.4199829101562,122009,336.84759521484375,337.2200012207031,336.6158142089844,337.18499755859375,337.18499755859375,180650,495.1099853515625,496.1499938964844,495.05999755859375,496.0799865722656,496.0799865722656,166528,380.67999267578125,380.69000244140625,379.45001220703125,379.510009765625,379.510009765625,221719
2026-09-24 13:55:00-04:00,672.1799926757812,673.3300170898438,672.1799926757812,672.8499755859375,672.8499755859375,23374,533.4337158203125,534.64501953125,532.6201171875,533.9299926757812,533.9299926757812,79307,769.4199829101562,770.5510864257812,769.3699951171875,770.3699951171875,770.3699951171875,97525,337.1700134277344,337.3500061035156,337.05999755859375,337.2099914550781,337.2099914550781,173454,496.1000061035156,496.42999267578125,495.95001220703125,496.07000732421875,496.07000732421875,94778,379.510009765625,380.0400085449219,379.4100036621094,379.77508544921875,379.77508544921875,188452
2026-09-24 14:00:00-04:00,673.2000122070312,673.97998046875,673.0499877929688,673.60498046875,673.60498046875,21538,533.8900146484375,534.260009765625,532.0,532.0399780273438,532.0399780273438,74973,770.3699951171875,770.8599853515625,769.3599853515625,770.46142578125,770.46142578125,135288,337.17999267578125,337.32000732421875,336.6600036621094,336.8999938964844,336.8999938964844,237167,496.04998779296875,496.1400146484375,494.91009521484375,495.1449890136719,495.1449890136719,88460,379.760009765625,379.8299865722656,378.1400146484375,378.2449951171875,378.2449951171875,351857
2026-09-24 14:05:00-04:00,673.489990234375,674.2999877929688,673.489990234375,674.0650024414062,674.0650024414062,13160,532.1799926757812,535.6799926757812,531.97998046875,535.4550170898438,535.4550170898438,101244,770.4949951171875,773.0999755859375,770.4949951171875,772.3250122070312,772.3250122070312,365744,336.9100036621094,337.4100036621094,336.8800048828125,337.260009765625,337.260009765625,142583,495.1351013183594,496.1199951171875,495.0899963378906,495.8900146484375,495.8900146484375,82093,378.2449951171875,379.17999267578125,378.14068603515625,378.8550109863281,378.8550109863281,262909
2026-09-24 14:10:00-04:00,674.2150268554688,675.8900146484375,673.594970703125,675.844970703125,675.844970703125,28920,535.4600219726562,536.8298950195312,535.2542724609375,536.3499755859375,536.3499755859375,67088,772.419921875,774.3699951171875,772.3300170898438,774.25,774.25,292068,337.2749938964844,337.3500061035156,337.010009765625,337.2850036621094,337.2850036621094,101152,495.87750244140625,496.0050048828125,495.6000061035156,495.989990234375,495.989990234375,42235,378.8999938964844,379.3190002441406,378.6199951171875,379.2900085449219,379.2900085449219,171931
2026-09-24 14:15:00-04:00,675.8699951171875,677.27001953125,675.47998046875,676.5399780273438,676.5399780273438,24604,536.5900268554688,538.0,536.340087890625,537.35498046875,537.35498046875,87299,774.1400146484375,776.5789794921875,773.8800048828125,775.6849975585938,775.6849975585938,475584,337.2799987792969,337.7099914550781,337.19500732421875,337.5434875488281,337.5434875488281,229247,495.92999267578125,496.6000061035156,495.8999938964844,496.3900146484375,496.3900146484375,63410,379.28399658203125,379.7598876953125,378.92999267578125,379.260009765625,379.260009765625,229387
2026-09-24 14:20:00-04:00,676.5399780273438,676.8400268554688,675.9199829101562,676.2249755859375,676.2249755859375,49404,537.3499755859375,537.7999877929688,536.5599975585938,537.3150024414062,537.3150024414062,58843,775.8662719726562,775.9099731445312,774.0001220703125,774.2449951171875,774.2449951171875,239367,337.54998779296875,337.5694885253906,337.2300109863281,337.5400085449219,337.5400085449219,115478,496.3800048828125,496.5,496.04998779296875,496.2900085449219,496.2900085449219,134295,379.260009765625,379.4999084472656,378.95001220703125,379.2349853515625,379.2349853515625,143952
2026-09-24 14:25:00-04:00,676.22998046875,677.6599731445312,676.22998046875,677.3300170898438,677.3300170898438,22870,537.3150024414062,538.2000122070312,537.0001220703125,537.4099731445312,537.4099731445312,57683,774.1699829101562,775.4500122070312,773.7999877929688,774.344970703125,774.344970703125,182184,337.5299987792969,337.8349914550781,337.47650146484375,337.5,337.5,129652,496.2900085449219,496.70001220703125,496.239990234375,496.6000061035156,496.6000061035156,175805,379.2799987792969,380.1600036621094,379.2095031738281,380.1050109863281,380.1050109863281,218179
2026-09-24 14:30:00-04:00,677.1699829101562,677.2999877929688,675.9099731445312,676.2999877929688,676.2999877929688,19754,537.1099853515625,538.8400268554688,536.239990234375,538.5,538.5,76381,774.3574829101562,775.25,773.72998046875,774.989990234375,774.989990234375,148373,337.5299987792969,337.58740234375,337.3550109863281,337.4750061035156,337.4750061035156,92251,496.55999755859375,496.8999938964844,496.25,496.4599914550781,496.4599914550781,98203,380.1050109863281,380.29998779296875,379.3605041503906,379.4100036621094,379.4100036621094,157069
2026-09-24 14:35:00-04:00,676.4400024414062,677.9199829101562,676.2999877929688,677.6900024414062,677.6900024414062,14082,538.530029296875,540.4400024414062,537.7800903320312,537.7800903320312,537.7800903320312,151014,774.989990234375,776.5900268554688,774.1199951171875,775.739990234375,775.739990234375,262070,337.4599914550781,337.79998779296875,337.41009521484375,337.5799865722656,337.5799865722656,110952,496.4200134277344,496.8299865722656,496.1900939941406,496.4150085449219,496.4150085449219,116094,379.3800964355469,380.25,379.1499938964844,379.8599853515625,379.8599853515625,145477
2026-09-24 14:40:00-04:00,677.3250122070312,677.6400146484375,676.3499755859375,677.6400146484375,677.6400146484375,12234,538.1400146484375,542.0999755859375,537.2000122070312,541.0999755859375,541.0999755859375,103252,775.760009765625,777.0,775.3499755859375,776.5999755859375,776.5999755859375,218243,337.5849914550781,337.6400146484375,337.2699890136719,337.3800048828125,337.3800048828125,95453,496.44000244140625,497.1499938964844,496.25,497.1499938964844,497.1499938964844,67867,379.82000732421875,379.82000732421875,379.3999938964844,379.43499755859375,379.43499755859375,106571
2026-09-24 14:45:00-04:00,676.8699951171875,678.1300048828125,676.8699951171875,678.1300048828125,678.1300048828125,14386,541.5650024414062,544.6400146484375,541.0499877929688,544.2899780273438,544.2899780273438,136704,776.5999755859375,777.3499755859375,776.5499877929688,776.9450073242188,776.9450073242188,251534,337.3900146484375,337.57989501953125,337.32000732421875,337.3699951171875,337.3699951171875,98269,497.17498779296875,497.6600036621094,496.9100036621094,497.6000061035156,497.6000061035156,122378,379.43499755859375,379.739990234375,379.4100036621094,379.6000061035156,379.6000061035156,62901
2026-09-24 14:50:00-04:00,678.4099731445312,679.0,678.2849731445312,678.6259765625,678.6259765625,21030,544.5,549.13037109375,544.22998046875,548.5999755859375,548.5999755859375,156788,776.9099731445312,777.8900146484375,776.75,777.260009765625,777.260009765625,268735,337.3599853515625,337.489990234375,337.1400146484375,337.2250061035156,337.2250061035156,95431,497.57501220703125,497.6199951171875,497.1499938964844,497.3399963378906,497.3399963378906,74554,379.6000061035156,379.989990234375,379.543701171875,379.57000732421875,379.57000732421875,85927
2026-09-24 14:55:00-04:00,678.6599731445312,679.0,677.9450073242188,678.97998046875,678.97998046875,28680,548.594970703125,549.8499755859375,547.75,548.4299926757812,548.4299926757812,119419,777.260009765625,778.2999877929688,777.1699829101562,777.4349975585938,777.4349975585938,284221,337.1499938964844,337.4700012207031,337.1499938964844,337.2799987792969,337.2799987792969,103154,497.2699890136719,497.8800048828125,497.260009765625,497.4100036621094,497.4100036621094,135996,379.580810546875,380.3500061035156,379.565185546875,379.9800109863281,379.9800109863281,142953
2026-09-24 15:00:00-04:00,678.8699951171875,678.8699951171875,677.9600219726562,678.635009765625,678.635009765625,29138,548.469970703125,549.1300048828125,545.8098754882812,547.1400146484375,547.1400146484375,107684,777.4349975585938,778.1699829101562,776.5009765625,776.8900146484375,776.8900146484375,232771,337.2578125,337.4150085449219,336.9512939453125,337.1600036621094,337.1600036621094,132946,497.3599853515625,497.5120849609375,496.7300109863281,496.94000244140625,496.94000244140625,112910,379.9104919433594,380.1499938964844,378.80010986328125,379.0299987792969,379.0299987792969,176916
2026-09-24 15:05:00-04:00,678.7999877929688,680.3989868164062,678.7999877929688,680.1400146484375,680.1400146484375,34244,546.7949829101562,547.5120239257812,544.260009765625,544.260009765625,544.260009765625,105155,776.8350219726562,777.1624755859375,775.7999877929688,775.8414916992188,775.8414916992188,198801,337.17999267578125,337.31500244140625,337.1300964355469,337.2900085449219,337.2900085449219,87294,497.0899963378906,497.42999267578125,497.010009765625,497.2900085449219,497.2900085449219,109376,379.0450134277344,379.239990234375,378.57000732421875,378.639892578125,378.639892578125,151903
2026-09-24 15:10:00-04:00,680.3099975585938,681.52001953125,680.3099975585938,681.510009765625,681.510009765625,34406,544.260009765625,544.8200073242188,543.218505859375,544.1900024414062,544.1900024414062,62145,775.869873046875,777.8900146484375,775.780029296875,777.8300170898438,777.8300170898438,263878,337.2900085449219,337.82989501953125,337.17999267578125,337.54998779296875,337.54998779296875,179656,497.2799987792969,497.6099853515625,497.25,497.4908142089844,497.4908142089844,106957,378.6050109863281,378.70989990234375,378.2601013183594,378.4800109863281,378.4800109863281,192373
2026-09-24 15:15:00-04:00,681.510009765625,682.97998046875,681.150390625,682.719970703125,682.719970703125,72734,544.3800048828125,545.3599853515625,543.6500244140625,545.3499755859375,545.3499755859375,74281,777.8599853515625,779.1597290039062,777.77001953125,778.3200073242188,778.3200073242188,366012,337.54998779296875,337.814697265625,337.53009033203125,337.814697265625,337.814697265625,201896,497.5,497.7900085449219,497.4599914550781,497.6600036621094,497.6600036621094,104924,378.45001220703125,379.6000061035156,378.3999938964844,379.57000732421875,379.57000732421875,274113
2026-09-24 15:20:00-04:00,682.780029296875,682.7899780273438,681.0399780273438,682.27001953125,682.27001953125,98872,545.3499755859375,545.3499755859375,544.0,544.6599731445312,544.6599731445312,60893,778.3200073242188,779.72998046875,777.6099853515625,779.6199951171875,779.6199951171875,302953,337.80999755859375,338.0199890136719,337.68011474609375,337.99688720703125,337.99688720703125,241285,497.6300048828125,498.06988525390625,497.5899963378906,498.0299987792969,498.0299987792969,102130,379.5627136230469,379.6700134277344,379.1932067871094,379.6300048828125,379.6300048828125,135901
2026-09-24 15:25:00-04:00,682.27001953125,682.6099853515625,681.4000244140625,681.530029296875,681.530029296875,33980,544.635009765625,546.0,543.3900146484375,544.010009765625,544.010009765625,71775,779.5599975585938,779.5599975585938,777.010009765625,777.25,777.25,262196,338.0050048828125,338.0400085449219,337.6199951171875,337.6400146484375,337.6400146484375,184509,498.0400085449219,498.10980224609375,497.54998779296875,497.7699890136719,497.7699890136719,106354,379.6050109863281,379.8699951171875,379.3411865234375,379.5899963378906,379.5899963378906,156488
2026-09-24 15:30:00-04:00,681.3599853515625,682.4400024414062,681.3200073242188,681.85498046875,681.85498046875,50250,544.010009765625,544.8599853515625,543.3800048828125,543.6400146484375,543.6400146484375,57862,777.219970703125,777.7095947265625,775.75,777.2947998046875,777.2947998046875,301444,337.6499938964844,337.6650085449219,337.2200012207031,337.3500061035156,337.3500061035156,208972,497.75,497.79998779296875,497.20001220703125,497.7749938964844,497.7749938964844,121764,379.5400085449219,379.95001220703125,379.4800109863281,379.67999267578125,379.67999267578125,163439
2026-09-24 15:35:00-04:00,681.8499755859375,682.0700073242188,680.1849975585938,680.85498046875,680.85498046875,69584,543.3400268554688,543.7399291992188,542.6300048828125,543.4099731445312,543.4099731445312,62204,777.239990234375,777.239990234375,774.7999877929688,776.385009765625,776.385009765625,336389,337.3699951171875,337.4898986816406,337.239990234375,337.3901062011719,337.3901062011719,168057,497.79998779296875,497.8699035644531,497.3399963378906,497.5899963378906,497.5899963378906,154876,379.6942138671875,379.70001220703125,379.3999938964844,379.6700134277344,379.6700134277344,138499
2026-09-24 15:40:00-04:00,680.6799926757812,681.4199829101562,679.8200073242188,681.4199829101562,681.4199829101562,43354,543.739990234375,543.7999877929688,541.5429077148438,542.0659790039062,542.0659790039062,69578,776.385009765625,779.2999877929688,775.8400268554688,777.8099975585938,777.8099975585938,451547,337.42999267578125,337.4599914550781,336.7760009765625,336.8074951171875,336.8074951171875,237914,497.57000732421875,497.7850036621094,497.3299865722656,497.3299865722656,497.3299865722656,118082,379.6830139160156,379.8800048828125,379.15008544921875,379.2699890136719,379.2699890136719,195464
2026-09-24 15:45:00-04:00,681.4600219726562,682.7999877929688,681.3699951171875,681.6699829101562,681.6699829101562,86618,542.030029296875,544.4349975585938,541.739990234375,544.3980102539062,544.3980102539062,78430,777.8099975585938,779.0,777.6300048828125,778.1400146484375,778.1400146484375,323999,336.7900085449219,337.07000732421875,336.6600036621094,336.8399963378906,336.8399963378906,273999,497.3299865722656,497.8900146484375,497.30999755859375,497.864990234375,497.864990234375,118434,379.2699890136719,379.69989013671875,379.0848083496094,379.55999755859375,379.55999755859375,193974
2026-09-24 15:50:00-04:00,681.52001953125,681.7899780273438,680.0,680.47998046875,680.47998046875,174274,544.4550170898438,544.4550170898438,538.4099731445312,538.530029296875,538.530029296875,137197,778.1799926757812,779.8192138671875,777.239990234375,779.1365966796875,779.1365966796875,620689,336.82000732421875,337.42999267578125,336.69049072265625,336.7300109863281,336.7300109863281,374180,497.8399963378906,498.8800048828125,497.8399963378906,498.1000061035156,498.1000061035156,389573,379.5400085449219,380.2485046386719,379.3500061035156,379.7349853515625,379.7349853515625,440434
2026-09-24 15:55:00-04:00,680.3400268554688,680.5499877929688,678.510009765625,678.6300048828125,678.6300048828125,368110,538.4099731445312,538.77880859375,535.719970703125,536.0999755859375,536.0999755859375,412864,779.0599975585938,779.139892578125,777.27001953125,777.4400024414062,777.4400024414062,887345,336.7300109863281,336.7309875488281,335.8599853515625,335.8699951171875,335.8699951171875,1439321,498.0799865722656,498.1000061035156,497.4200134277344,497.5849914550781,497.5849914550781,870529,379.67999267578125,379.75,377.6600036621094,377.9100036621094,377.9100036621094,1042047
2026-09-25 09:30:00-04:00,677.530029296875,678.0,671.60498046875,672.489990234375,672.489990234375,144364,544.2750244140625,551.818115234375,543.0,551.7899780273438,551.7899780273438,458796,768.844970703125,769.5700073242188,754.510009765625,754.8300170898438,754.8300170898438,2413645,336.0400085449219,336.79998779296875,334.5299987792969,334.9200134277344,334.9200134277344,1133666,499.1400146484375,509.1499938964844,497.29998779296875,508.8900146484375,508.8900146484375,2139027,384.89898681640625,386.8299865722656,370.260009765625,372.57000732421875,372.57000732421875,5557691
2026-09-25 09:35:00-04:00,672.590087890625,675.489990234375,671.6400146484375,672.4849853515625,672.4849853515625,53642,551.219970703125,557.8300170898438,551.0100708007812,553.1400146484375,553.1400146484375,380109,754.8300170898438,756.5,751.739990234375,755.4500122070312,755.4500122070312,1063065,334.8699951171875,335.9184875488281,334.7850036621094,335.8299865722656,335.8299865722656,388004,508.8349914550781,512.77001953125,508.69891357421875,510.7049865722656,510.7049865722656,1633939,372.4100036621094,374.4656982421875,371.2605895996094,372.8800048828125,372.8800048828125,1742575
2026-09-25 09:40:00-04:00,672.489990234375,674.1925048828125,670.3200073242188,671.030029296875,671.030029296875,74040,553.4550170898438,559.4000244140625,553.0,558.3082275390625,558.3082275390625,269087,755.4400024414062,756.47998046875,752.0999755859375,755.9299926757812,755.9299926757812,706427,335.80999755859375,336.42999267578125,335.1099853515625,335.7799987792969,335.7799987792969,478556,510.7200012207031,513.8314819335938,509.860107421875,512.8798828125,512.8798828125,1058353,373.0024108886719,373.87939453125,369.776611328125,373.67999267578125,373.67999267578125,1816597
2026-09-25 09:45:00-04:00,671.0150146484375,671.3300170898438,668.1323852539062,668.8699951171875,668.8699951171875,38418,559.0700073242188,560.489990234375,550.239990234375,555.8519897460938,555.8519897460938,362471,755.7999877929688,759.0,754.8101196289062,758.0700073242188,758.0700073242188,596506,335.7749938964844,336.2868957519531,335.7200012207031,335.9800109863281,335.9800109863281,250110,512.7899780273438,515.6798706054688,512.4600219726562,515.5050048828125,515.5050048828125,1261320,373.7300109863281,376.32989501953125,372.32000732421875,372.5299987792969,372.5299987792969,1672938
2026-09-25 09:50:00-04:00,668.9099731445312,669.0549926757812,666.97998046875,668.4400024414062,668.4400024414062,72622,556.0,560.3599853515625,555.0,559.885009765625,559.885009765625,252832,758.0,760.0,754.77001953125,754.8699951171875,754.8699951171875,613332,335.9599914550781,336.19000244140625,335.6499938964844,335.8599853515625,335.8599853515625,211708,515.47998046875,517.0670166015625,515.0999755859375,516.9000244140625,516.9000244140625,999917,372.57000732421875,375.6499938964844,371.7301025390625,375.49560546875,375.49560546875,907351
2026-09-25 09:55:00-04:00,668.1199951171875,668.7249755859375,664.6599731445312,666.97998046875,666.97998046875,127914,559.989990234375,560.2036743164062,555.0,559.1900024414062,559.1900024414062,188434,755.0,757.9199829101562,754.2100219726562,757.2849731445312,757.2849731445312,373343,335.8599853515625,336.2499084472656,335.7099914550781,336.04998779296875,336.04998779296875,191414,516.9600219726562,517.47998046875,515.5250244140625,515.8099975585938,515.8099975585938,830646,375.5150146484375,377.1499938964844,371.67999267578125,372.5299987792969,372.5299987792969,1193138
2026-09-25 10:00:00-04:00,666.1300048828125,668.6099853515625,665.47998046875,666.2000122070312,666.2000122070312,108506,558.8499755859375,559.25,552.0711059570312,553.6500244140625,553.6500244140625,150053,757.2000122070312,760.6099853515625,755.4600219726562,758.5349731445312,758.5349731445312,449749,335.9700012207031,336.0299987792969,335.3999938964844,335.4700012207031,335.4700012207031,232114,515.8099975585938,515.8099975585938,511.1600036621094,511.625,511.625,825969,372.5199890136719,373.0,370.5899963378906,371.04998779296875,371.04998779296875,911169
2026-09-25 10:05:00-04:00,666.1900024414062,667.1799926757812,664.530029296875,667.0999755859375,667.0999755859375,61688,553.0,554.9998779296875,551.2000122070312,552.6901245117188,552.6901245117188,104883,758.39501953125,761.2100219726562,757.0900268554688,757.2349853515625,757.2349853515625,358763,335.42999267578125,335.489990234375,334.9700012207031,335.45001220703125,335.45001220703125,245526,511.7699890136719,512.1099853515625,509.05999755859375,511.8349914550781,511.8349914550781,905922,371.04998779296875,374.3500061035156,370.55999755859375,374.19061279296875,374.19061279296875,1029993
2026-09-25 10:10:00-04:00,667.1099853515625,668.2799072265625,666.75,667.3300170898438,667.3300170898438,46948,552.6900024414062,557.3704223632812,552.5120239257812,554.2999877929688,554.2999877929688,110782,757.2349853515625,757.3499755859375,752.3300170898438,753.4199829101562,753.4199829101562,405421,335.4800109863281,335.5,334.75,334.9800109863281,334.9800109863281,254761,511.8349914550781,512.22998046875,510.1600036621094,510.9219970703125,510.9219970703125,462391,374.135009765625,375.20001220703125,370.1702880859375,370.1860046386719,370.1860046386719,1179764
2026-09-25 10:15:00-04:00,667.5499877929688,668.9400024414062,667.4099731445312,668.8350219726562,668.8350219726562,52442,553.8070068359375,554.5859985351562,551.0164184570312,554.4400024414062,554.4400024414062,103039,753.4149780273438,755.6998901367188,750.5399780273438,752.3699951171875,752.3699951171875,595843,335.0057067871094,335.45989990234375,334.6199951171875,335.3800048828125,335.3800048828125,260503,510.9049987792969,512.280029296875,510.4800109863281,512.25,512.25,493610,370.2650146484375,372.58990478515625,369.6499938964844,371.8500061035156,371.8500061035156,1212923
2026-09-25 10:20:00-04:00,668.9600219726562,670.030029296875,668.3400268554688,669.7899780273438,669.7899780273438,26778,554.5701904296875,556.4000244140625,552.7423095703125,555.3201293945312,555.3201293945312,87224,752.2150268554688,753.4299926757812,751.0700073242188,751.5322875976562,751.5322875976562,291582,335.389892578125,335.6700134277344,335.1700134277344,335.3800048828125,335.3800048828125,182264,512.2899780273438,513.260009765625,512.0,512.72998046875,512.72998046875,430323,371.864990234375,374.3800048828125,371.7937927246094,372.8464050292969,372.8464050292969,835524
2026-09-25 10:25:00-04:00,669.6300048828125,670.260009765625,669.0150146484375,669.4650268554688,669.4650268554688,30150,555.5,557.72998046875,555.110107421875,556.530029296875,556.530029296875,108792,751.719970703125,753.1300048828125,751.0599975585938,752.1497192382812,752.1497192382812,217775,335.42999267578125,336.5050048828125,335.3900146484375,336.3599853515625,336.3599853515625,272878,512.77001953125,514.3599853515625,512.77001953125,514.2249755859375,514.2249755859375,525309,372.94580078125,372.94580078125,370.1199951171875,370.4800109863281,370.4800109863281,709511
2026-09-25 10:30:00-04:00,669.6500244140625,670.2999877929688,667.9199829101562,668.3300170898438,668.3300170898438,32894,556.75,561.6199951171875,556.6099853515625,561.3499755859375,561.3499755859375,192196,751.9949951171875,752.7999877929688,750.3800048828125,752.25,752.25,293785,336.3550109863281,336.989990234375,336.2025146484375,336.57000732421875,336.57000732421875,380841,514.280029296875,514.389892578125,512.4400024414062,514.2100219726562,514.2100219726562,494134,370.510009765625,371.0299987792969,369.8999938964844,369.9100036621094,369.9100036621094,814667
2026-09-25 10:35:00-04:00,668.3300170898438,670.0,668.2967529296875,669.4199829101562,669.4199829101562,36084,561.1500854492188,563.6400146484375,561.0,561.3458862304688,561.3458862304688,210520,752.344970703125,752.555419921875,750.2999877929688,750.6400146484375,750.6400146484375,234399,336.5849914550781,337.34991455078125,336.54998779296875,337.3399963378906,337.3399963378906,313626,514.1849975585938,514.739990234375,513.5599975585938,514.385009765625,514.385009765625,435907,369.97979736328125,370.4491882324219,369.20001220703125,370.0278015136719,370.0278015136719,754803
2026-09-25 10:40:00-04:00,669.4299926757812,669.6699829101562,668.2100219726562,668.6199951171875,668.6199951171875,33154,561.1900024414062,563.1389770507812,560.4769287109375,563.1389770507812,563.1389770507812,137623,750.64501953125,751.1799926757812,748.4099731445312,748.8499755859375,748.8499755859375,409363,337.3299865722656,337.4700012207031,336.510498046875,336.81500244140625,336.81500244140625,365388,514.3499755859375,514.72998046875,513.5999755859375,514.094970703125,514.094970703125,430541,370.0,370.1000061035156,367.6700134277344,367.83160400390625,367.83160400390625,1034152
2026-09-25 10:45:00-04:00,668.6400146484375,669.6500244140625,668.5599975585938,669.3200073242188,669.3200073242188,41838,563.1300048828125,564.086669921875,561.7807006835938,563.219970703125,563.219970703125,133661,748.8400268554688,749.2799072265625,747.489990234375,748.6500244140625,748.6500244140625,314824,336.80999755859375,337.59991455078125,336.67999267578125,337.43499755859375,337.43499755859375,261895,514.0999755859375,515.2899780273438,513.1599731445312,514.6199951171875,514.6199951171875,502642,367.9100036621094,370.2799987792969,367.8999938964844,370.0849914550781,370.0849914550781,777717
2026-09-25 10:50:00-04:00,669.2750244140625,669.9099731445312,668.8800048828125,669.8699951171875,669.8699951171875,46304,563.219970703125,563.2999877929688,560.5217895507812,562.1102905273438,562.1102905273438,104954,748.780029296875,749.2999877929688,747.9400024414062,748.4400024414062,748.4400024414062,445010,337.4599914550781,337.7294921875,337.2701110839844,337.4949951171875,337.4949951171875,210976,514.6300048828125,515.489990234375,513.6099853515625,514.72998046875,514.72998046875,412891,370.1195068359375,370.4700012207031,369.6300048828125,370.1600036621094,370.1600036621094,412240
2026-09-25 10:55:00-04:00,669.9600219726562,671.1500244140625,668.7449951171875,671.0650024414062,671.0650024414062,34274,561.8300170898438,562.5999755859375,560.5999755859375,561.6199951171875,561.6199951171875,89281,748.5684814453125,750.4099731445312,747.9500122070312,750.280029296875,750.280029296875,381642,337.5,337.7200012207031,337.0950012207031,337.55999755859375,337.55999755859375,291750,514.8049926757812,517.1799926757812,514.72998046875,515.885009765625,515.885009765625,698471,370.125,371.8599853515625,369.80010986328125,371.5400085449219,371.5400085449219,548984
2026-09-25 11:00:00-04:00,671.0111083984375,672.844970703125,671.0111083984375,672.6900024414062,672.6900024414062,35240,561.3800048828125,562.1799926757812,560.7999877929688,561.0,561.0,61178,750.4000244140625,751.7899780273438,749.739990234375,750.1799926757812,750.1799926757812,620071,337.5400085449219,337.7300109863281,337.32000732421875,337.3800048828125,337.3800048828125,226893,515.8900146484375,517.0,515.489990234375,516.4395141601562,516.4395141601562,470581,371.5400085449219,372.7200012207031,371.260009765625,372.57659912109375,372.57659912109375,600944
2026-09-25 11:05:00-04:00,672.3499755859375,672.6400146484375,671.5349731445312,672.489990234375,672.489990234375,40196,561.0,563.0798950195312,561.0,562.4400024414062,562.4400024414062,73723,750.1199951171875,752.7299194335938,750.1199951171875,752.530029296875,752.530029296875,329273,337.364990234375,337.8500061035156,337.364990234375,337.5199890136719,337.5199890136719,183727,516.3237915039062,516.8599853515625,515.0999755859375,516.0800170898438,516.0800170898438,323107,372.6199951171875,373.5,372.44000244140625,373.3900146484375,373.3900146484375,639108
2026-09-25 11:10:00-04:00,672.5999755859375,675.2750244140625,671.739990234375,675.2750244140625,675.2750244140625,65894,562.4450073242188,563.5,561.8499755859375,562.6849975585938,562.6849975585938,66804,752.530029296875,754.3499755859375,751.5072021484375,753.8900146484375,753.8900146484375,290509,337.5199890136719,337.8599853515625,337.0,337.82000732421875,337.82000732421875,253350,516.1500244140625,516.2899780273438,514.1599731445312,514.6749877929688,514.6749877929688,243290,373.3800048828125,373.42999267578125,370.5,370.81500244140625,370.81500244140625,654788
2026-09-25 11:15:00-04:00,675.2349853515625,676.0150146484375,674.3099975585938,674.344970703125,674.344970703125,46944,562.9133911132812,563.9398803710938,561.5499877929688,562.546875,562.546875,69960,753.9099731445312,753.9099731445312,751.219970703125,751.364990234375,751.364990234375,197913,337.8399963378906,338.21990966796875,337.6300048828125,337.8192138671875,337.8192138671875,246619,514.6749877929688,515.3098754882812,514.1599731445312,514.2150268554688,514.2150268554688,252026,370.81500244140625,371.0,369.67999267578125,369.760009765625,369.760009765625,536192
2026-09-25 11:20:00-04:00,674.27001953125,674.6599731445312,673.2424926757812,673.3150024414062,673.3150024414062,29136,562.594970703125,564.6300048828125,562.594970703125,563.6599731445312,563.6599731445312,92988,751.375,751.8800048828125,750.2999877929688,750.7449951171875,750.7449951171875,251245,337.80999755859375,338.4700012207031,337.80999755859375,338.0299987792969,338.0299987792969,284214,514.2150268554688,514.6176147460938,513.8300170898438,513.8900146484375,513.8900146484375,230468,369.760009765625,370.69000244140625,369.70001220703125,370.5150146484375,370.5150146484375,443073
2026-09-25 11:25:00-04:00,673.6099853515625,673.8900146484375,672.0277709960938,672.155029296875,672.155029296875,33508,563.6849975585938,564.8499145507812,562.4199829101562,564.4600219726562,564.4600219726562,72995,750.739990234375,751.0499877929688,749.8499755859375,750.0599975585938,750.0599975585938,264871,338.0199890136719,338.6400146484375,338.0199890136719,338.4150085449219,338.4150085449219,296434,513.8499755859375,514.6950073242188,513.5800170898438,514.10009765625,514.10009765625,208298,370.5150146484375,370.9800109863281,370.0700988769531,370.56500244140625,370.56500244140625,354594
2026-09-25 11:30:00-04:00,672.3699951171875,673.5800170898438,672.219970703125,673.2236938476562,673.2236938476562,24394,564.3820190429688,566.3499755859375,564.25,564.8699951171875,564.8699951171875,203308,750.2000122070312,751.3099975585938,748.7999877929688,749.0,749.0,177613,338.45001220703125,339.07000732421875,338.2850036621094,338.7650146484375,338.7650146484375,458151,514.239990234375,515.2899780273438,513.9299926757812,514.1749877929688,514.1749877929688,351986,370.61981201171875,371.3699951171875,370.3699951171875,370.51800537109375,370.51800537109375,498256
2026-09-25 11:35:00-04:00,673.0050048828125,674.0466918945312,672.739990234375,672.85498046875,672.85498046875,31010,564.9401245117188,565.2249755859375,562.5609741210938,563.2747802734375,563.2747802734375,71744,749.0800170898438,749.5250244140625,747.9000244140625,748.3599853515625,748.3599853515625,209596,338.7850036621094,338.79998779296875,338.18011474609375,338.364990234375,338.364990234375,237541,514.1199951171875,514.3099975585938,513.1799926757812,513.3800048828125,513.3800048828125,197200,370.5,370.9800109863281,370.3700866699219,370.6068115234375,370.6068115234375,200248
2026-09-25 11:40:00-04:00,672.8499755859375,673.0499877929688,671.64501953125,672.0230102539062,672.0230102539062,37738,563.47998046875,563.97998046875,560.6199951171875,560.6400146484375,560.6400146484375,86011,748.3699951171875,749.5,747.780029296875,747.8699951171875,747.8699951171875,189134,338.3800048828125,338.5799865722656,338.1400146484375,338.33929443359375,338.33929443359375,196530,513.3800048828125,514.3599853515625,512.8400268554688,513.6849975585938,513.6849975585938,262896,370.6514892578125,371.09991455078125,370.3999938964844,370.5350036621094,370.5350036621094,190465
2026-09-25 11:45:00-04:00,671.7949829101562,672.280029296875,671.344970703125,671.344970703125,671.344970703125,16346,560.4249877929688,562.7639770507812,560.010009765625,561.6500854492188,561.6500854492188,85098,747.9600219726562,748.2000122070312,746.54052734375,747.9600219726562,747.9600219726562,255622,338.3349914550781,338.6199951171875,338.20001220703125,338.42999267578125,338.42999267578125,185027,513.6849975585938,513.9299926757812,513.1799926757812,513.7750244140625,513.7750244140625,189557,370.6188049316406,371.45989990234375,370.5,371.0199890136719,371.0199890136719,224092
2026-09-25 11:50:00-04:00,671.2750244140625,672.010009765625,670.9400024414062,671.9349975585938,671.9349975585938,49978,562.0,562.75390625,559.5800170898438,562.5850219726562,562.5850219726562,87304,747.8800048828125,749.3619995117188,746.6201171875,749.3619995117188,749.3619995117188,172110,338.45001220703125,338.6299133300781,338.1499938964844,338.5400085449219,338.5400085449219,205205,513.8200073242188,514.030029296875,512.719970703125,513.4349975585938,513.4349975585938,161872,370.9425048828125,371.74798583984375,370.29998779296875,371.67999267578125,371.67999267578125,318177
2026-09-25 11:55:00-04:00,672.0,672.1799926757812,670.5599975585938,670.6799926757812,670.6799926757812,30770,562.3699951171875,564.3154907226562,561.7999877929688,563.9400024414062,563.9400024414062,74719,749.2000122070312,750.6640014648438,748.8800048828125,750.47998046875,750.47998046875,200593,338.55999755859375,339.5159912109375,338.510009765625,339.510009765625,339.510009765625,335442,513.3800048828125,514.8499755859375,513.3400268554688,514.7949829101562,514.7949829101562,224390,371.63800048828125,373.1600036621094,371.551513671875,373.0899963378906,373.0899963378906,645413
2026-09-25 12:00:00-04:00,670.6694946289062,672.52001953125,670.5599975585938,671.510009765625,671.510009765625,94572,564.2352294921875,565.4500122070312,563.2166137695312,565.0700073242188,565.0700073242188,83964,750.47998046875,750.9500122070312,749.2080078125,749.6599731445312,749.6599731445312,253421,339.4849853515625,340.239990234375,339.3900146484375,339.8599853515625,339.8599853515625,608120,514.8151245117188,516.1099853515625,514.5903930664062,515.9600219726562,515.9600219726562,314608,373.1300048828125,374.0,373.0,373.3880920410156,373.3880920410156,639400
2026-09-25 12:05:00-04:00,671.8499755859375,671.8900146484375,670.89501953125,671.0150146484375,671.0150146484375,31206,565.0800170898438,567.0499877929688,564.780029296875,565.8800048828125,565.8800048828125,113291,749.7363891601562,750.159912109375,747.760009765625,747.7899780273438,747.7899780273438,239192,339.8399963378906,340.1117858886719,339.375,339.45001220703125,339.45001220703125,239901,516.010009765625,516.7999877929688,515.4000244140625,515.6500244140625,515.6500244140625,344759,373.3949890136719,373.9800109863281,373.260009765625,373.7974853515625,373.7974853515625,375987
2026-09-25 12:10:00-04:00,671.0150146484375,671.3800048828125,670.8900146484375,670.9450073242188,670.9450073242188,26328,566.0,566.8499755859375,565.3101196289062,566.5599975585938,566.5599975585938,70279,747.7899780273438,750.6500244140625,747.7899780273438,750.0150146484375,750.0150146484375,237722,339.4700012207031,340.03009033203125,339.4200134277344,339.7250061035156,339.7250061035156,159222,515.7249755859375,515.9600219726562,514.9716186523438,515.510009765625,515.510009765625,194725,373.75750732421875,374.29998779296875,373.5400085449219,374.1300048828125,374.1300048828125,324544
2026-09-25 12:15:00-04:00,671.1300048828125,672.3699951171875,671.1300048828125,671.6900024414062,671.6900024414062,30528,566.5599975585938,569.469970703125,566.5599975585938,568.0,568.0,202300,749.969970703125,751.1900024414062,749.25,749.4349975585938,749.4349975585938,159419,339.7200012207031,339.760009765625,339.2300109863281,339.30499267578125,339.30499267578125,164588,515.530029296875,516.0,514.7100219726562,515.114990234375,515.114990234375,235007,374.05999755859375,374.6000061035156,373.44000244140625,373.6300048828125,373.6300048828125,441735
2026-09-25 12:20:00-04:00,671.7100219726562,671.72998046875,670.7999877929688,670.9400024414062,670.9400024414062,19292,567.6749877929688,567.9400024414062,565.4749755859375,566.5499877929688,566.5499877929688,109831,749.4349975585938,749.5800170898438,747.3200073242188,747.7899780273438,747.7899780273438,184681,339.30999755859375,339.489990234375,339.1700134277344,339.3599853515625,339.3599853515625,212120,515.1699829101562,515.6199951171875,514.2000122070312,514.4099731445312,514.4099731445312,223055,373.60009765625,373.6700134277344,371.17510986328125,371.75,371.75,582012
2026-09-25 12:25:00-04:00,670.8499755859375,671.0250244140625,669.8300170898438,669.8300170898438,669.8300170898438,48638,566.7750244140625,569.9400024414062,566.7750244140625,569.6248779296875,569.6248779296875,114185,747.9901733398438,749.989990234375,747.3200073242188,749.0499877929688,749.0499877929688,175162,339.3800048828125,340.1023864746094,339.29998779296875,340.07159423828125,340.07159423828125,240226,514.4099731445312,516.22998046875,514.3699951171875,516.22998046875,516.22998046875,247289,371.75,373.3599853515625,371.5505065917969,372.6449890136719,372.6449890136719,548674
2026-09-25 12:30:00-04:00,669.7999877929688,670.2999877929688,667.22998046875,668.2899780273438,668.2899780273438,66234,569.5150146484375,569.7100219726562,568.1099853515625,569.1207885742188,569.1207885742188,105823,749.0499877929688,749.4500122070312,747.2999877929688,748.4000854492188,748.4000854492188,139201,340.0400085449219,340.20001220703125,339.45001220703125,339.6650085449219,339.6650085449219,310561,516.219970703125,518.0,515.8905029296875,516.3400268554688,516.3400268554688,752368,372.6449890136719,372.7261962890625,371.25,371.42498779296875,371.42498779296875,353361
2026-09-25 12:35:00-04:00,668.6099853515625,669.5999755859375,668.330078125,669.375,669.375,40500,569.219970703125,573.7999877929688,569.219970703125,571.5426025390625,571.5426025390625,227702,748.4359741210938,750.8300170898438,747.2999877929688,750.655029296875,750.655029296875,218175,339.697998046875,339.81988525390625,339.3500061035156,339.510009765625,339.510009765625,159253,516.469970703125,516.64990234375,515.6749877929688,516.0501098632812,516.0501098632812,307042,371.42498779296875,372.2898864746094,371.3399963378906,371.92999267578125,371.92999267578125,216841
2026-09-25 12:40:00-04:00,669.375,669.6400146484375,668.3499755859375,669.2449951171875,669.2449951171875,49590,571.5250244140625,571.8331909179688,570.27001953125,570.75,570.75,104549,750.7999877929688,750.97998046875,749.1300048828125,749.7999877929688,749.7999877929688,170045,339.5,339.7698974609375,339.3599853515625,339.360107421875,339.360107421875,158704,516.0,517.4550170898438,515.5103759765625,517.4099731445312,517.4099731445312,996424,371.8999938964844,372.3099060058594,371.80999755859375,371.9700012207031,371.9700012207031,132682
2026-09-25 12:45:00-04:00,669.2349853515625,669.2349853515625,668.2100219726562,668.7899780273438,668.7899780273438,23700,570.875,572.0,570.2899780273438,570.875,570.875,96603,749.7100219726562,750.0700073242188,748.719970703125,749.4099731445312,749.4099731445312,169579,339.375,339.39990234375,338.9100036621094,339.2200012207031,339.2200012207031,196608,517.4099731445312,518.4600219726562,516.530029296875,517.385009765625,517.385009765625,880338,371.8900146484375,372.1000061035156,371.4668884277344,371.8299865722656,371.8299865722656,199452
2026-09-25 12:50:00-04:00,668.469970703125,669.1400146484375,668.0999755859375,669.135009765625,669.135009765625,19272,571.0,571.8499755859375,570.260009765625,571.5700073242188,571.5700073242188,65597,749.2593994140625,749.9251098632812,749.0599975585938,749.1099853515625,749.1099853515625,97259,339.2200012207031,339.3599853515625,339.0,339.20001220703125,339.20001220703125,119168,517.385009765625,518.75,517.3621826171875,518.7349853515625,518.7349853515625,814841,371.8599853515625,372.6098937988281,371.7099914550781,372.385009765625,372.385009765625,242404
2026-09-25 12:55:00-04:00,669.1599731445312,669.47998046875,668.719970703125,669.3800048828125,669.3800048828125,21850,571.7965698242188,571.8225708007812,570.0399780273438,570.5499877929688,570.5499877929688,67637,749.1099853515625,749.760009765625,748.6600952148438,749.655029296875,749.655029296875,125619,339.1600036621094,339.3299865722656,338.8999938964844,339.2449951171875,339.2449951171875,127168,518.7349853515625,519.4000244140625,517.1900024414062,517.3900146484375,517.3900146484375,577281,372.4200134277344,372.4200134277344,371.80999755859375,372.06500244140625,372.06500244140625,159386
2026-09-25 13:00:00-04:00,669.3599853515625,669.969970703125,669.0499877929688,669.9000244140625,669.9000244140625,20144,570.5599975585938,571.0,569.60107421875,570.5460205078125,570.5460205078125,55872,749.5999755859375,750.9000244140625,749.1799926757812,750.6600952148438,750.6600952148438,121742,339.239990234375,339.69500732421875,339.2200927734375,339.57000732421875,339.57000732421875,188653,517.4099731445312,517.780029296875,516.75,517.2899780273438,517.2899780273438,269661,372.1299133300781,372.3500061035156,371.5799865722656,372.1600036621094,372.1600036621094,145552
2026-09-25 13:05:00-04:00,669.9000244140625,671.1199951171875,669.9000244140625,670.7249755859375,670.7249755859375,46080,570.5750122070312,571.5,570.1342163085938,571.3400268554688,571.3400268554688,63451,750.6859741210938,751.1998901367188,750.0,750.9600219726562,750.9600219726562,106376,339.5740051269531,339.8299865722656,339.4906921386719,339.80999755859375,339.80999755859375,147118,517.280029296875,518.2000122070312,516.719970703125,517.0250244140625,517.0250244140625,261726,372.2200012207031,372.3500061035156,371.80010986328125,372.2200012207031,372.2200012207031,133604
2026-09-25 13:10:00-04:00,670.7249755859375,671.1799926757812,670.4299926757812,671.030029296875,671.030029296875,21846,571.4600219726562,571.9500122070312,571.0700073242188,571.6400146484375,571.6400146484375,56585,750.9600219726562,751.2000122070312,750.0689697265625,751.030029296875,751.030029296875,116413,339.80999755859375,339.8922119140625,339.54998779296875,339.7860107421875,339.7860107421875,130130,517.0250244140625,517.3400268554688,516.77099609375,517.3400268554688,517.3400268554688,138409,372.1700134277344,372.2499084472656,371.8500061035156,372.02508544921875,372.02508544921875,124022
2026-09-25 13:15:00-04:00,671.0399780273438,671.0599975585938,670.5,670.5399780273438,670.5399780273438,26234,571.6400146484375,573.5999755859375,571.4400024414062,572.1300048828125,572.1300048828125,86287,750.89501953125,750.9500122070312,749.97998046875,750.4000244140625,750.4000244140625,118548,339.7900085449219,339.80999755859375,339.5799865722656,339.69000244140625,339.69000244140625,97073,517.4000244140625,517.7999877929688,516.330322265625,516.5800170898438,516.5800170898438,160318,372.0400085449219,372.1600036621094,371.75,371.9870910644531,371.9870910644531,97911
2026-09-25 13:20:00-04:00,670.5549926757812,671.489990234375,670.5549926757812,671.1500244140625,671.1500244140625,34354,572.1199951171875,572.8900146484375,571.2833251953125,571.7349853515625,571.7349853515625,58981,750.3049926757812,752.5700073242188,750.3049926757812,752.0399780273438,752.0399780273438,180915,339.7200012207031,339.9100036621094,339.6116027832031,339.90008544921875,339.90008544921875,131694,516.6099853515625,517.0,516.489990234375,516.635009765625,516.635009765625,147749,372.010009765625,372.989990234375,371.95001220703125,372.9147033691406,372.9147033691406,228325
2026-09-25 13:25:00-04:00,671.1500244140625,671.2153930664062,670.85498046875,671.125,671.125,23172,571.6749877929688,572.7399291992188,571.5413208007812,571.9099731445312,571.9099731445312,46141,751.9926147460938,751.9926147460938,750.823974609375,751.260009765625,751.260009765625,105104,339.9100036621094,340.1099853515625,339.8599853515625,340.1099853515625,340.1099853515625,200464,516.635009765625,516.760009765625,516.239990234375,516.4199829101562,516.4199829101562,149465,372.92498779296875,373.0299987792969,372.6300048828125,372.7850036621094,372.7850036621094,171186
2026-09-25 13:30:00-04:00,671.1900024414062,671.719970703125,670.9000244140625,671.1400146484375,671.1400146484375,39064,572.0900268554688,572.3699951171875,571.2327270507812,571.8499755859375,571.8499755859375,56732,751.260009765625,751.5999755859375,749.5,750.9500122070312,750.9500122070312,215119,340.1099853515625,340.4599914550781,339.8100891113281,340.0050048828125,340.0050048828125,290491,516.3499755859375,516.5,515.5922241210938,516.0479736328125,516.0479736328125,165814,372.8299865722656,372.95001220703125,372.3201904296875,372.7250061035156,372.7250061035156,161669
2026-09-25 13:35:00-04:00,671.1300048828125,671.8018188476562,670.739990234375,671.8018188476562,671.8018188476562,41996,571.7100219726562,571.7595825195312,570.2899780273438,570.9650268554688,570.9650268554688,55993,750.8599853515625,751.5800170898438,750.3900146484375,751.2249755859375,751.2249755859375,87667,340.0150146484375,340.1400146484375,339.7699890136719,339.9901123046875,339.9901123046875,139876,516.005615234375,516.2999877929688,515.3300170898438,515.6950073242188,515.6950073242188,166171,372.739990234375,373.014892578125,372.510009765625,372.79998779296875,372.79998779296875,129574
2026-09-25 13:40:00-04:00,671.6749877929688,671.910400390625,671.1557006835938,671.1557006835938,671.1557006835938,26240,571.2100219726562,571.25,570.0999755859375,570.6251831054688,570.6251831054688,49219,751.2249755859375,751.889892578125,748.0999755859375,748.5,748.5,296059,340.00299072265625,340.239990234375,339.9100036621094,340.0357971191406,340.0357971191406,129714,515.6950073242188,516.3699951171875,515.6950073242188,515.9349975585938,515.9349975585938,166027,372.8399963378906,373.3500061035156,372.67999267578125,372.739990234375,372.739990234375,187352
2026-09-25 13:45:00-04:00,671.1500244140625,671.75,669.52001953125,670.2000122070312,670.2000122070312,49112,570.8800048828125,571.5,570.26318359375,570.71728515625,570.71728515625,36430,748.5942993164062,751.25,748.25,750.9700927734375,750.9700927734375,188549,340.0400085449219,340.1400146484375,340.0085144042969,340.04998779296875,340.04998779296875,107152,515.9349975585938,516.72998046875,515.6347045898438,516.7299194335938,516.7299194335938,167092,372.751708984375,373.34991455078125,372.4200134277344,373.2200012207031,373.2200012207031,191236
2026-09-25 13:50:00-04:00,669.969970703125,670.4400024414062,669.969970703125,670.3499755859375,670.3499755859375,14312,570.7174072265625,571.376220703125,570.5538940429688,570.8599853515625,570.8599853515625,36439,751.0850219726562,752.1690063476562,749.860107421875,750.0599975585938,750.0599975585938,140055,340.0400085449219,340.07000732421875,339.82000732421875,339.8949890136719,339.8949890136719,163448,516.6900024414062,516.97998046875,516.3699951171875,516.8200073242188,516.8200073242188,142129,373.20001220703125,373.54998779296875,373.1000061035156,373.3301086425781,373.3301086425781,170773
2026-09-25 13:55:00-04:00,670.3499755859375,671.52001953125,670.3079833984375,671.3499755859375,671.3499755859375,28718,570.8599853515625,571.2000122070312,569.969970703125,570.2139892578125,570.2139892578125,35131,750.02001953125,751.4400024414062,749.2200927734375,751.1318969726562,751.1318969726562,106030,339.8609924316406,340.0,339.82000732421875,339.9599914550781,339.9599914550781,98899,516.8300170898438,518.1799926757812,516.7000122070312,517.8200073242188,517.8200073242188,295357,373.3617858886719,373.55999755859375,373.2099914550781,373.4100036621094,373.4100036621094,147583
2026-09-25 14:00:00-04:00,671.3599853515625,671.8200073242188,671.1300048828125,671.2100219726562,671.2100219726562,23524,570.4199829101562,570.739990234375,569.4000854492188,570.239990234375,570.239990234375,51733,751.219970703125,751.3400268554688,750.0,750.260009765625,750.260009765625,119083,339.9599914550781,340.2550048828125,339.9200134277344,340.1199951171875,340.1199951171875,147845,517.8599853515625,518.4600219726562,517.6099853515625,517.8499755859375,517.8499755859375,310858,373.3631896972656,373.80999755859375,373.3631896972656,373.5400085449219,373.5400085449219,216460
2026-09-25 14:05:00-04:00,670.9000854492188,673.260009765625,670.9000244140625,673.260009765625,673.260009765625,120734,570.4000244140625,570.4194946289062,568.5009765625,569.1500244140625,569.1500244140625,54547,750.3300170898438,751.7000122070312,750.0,751.3099975585938,751.3099975585938,113562,340.1300048828125,340.20001220703125,340.0,340.04998779296875,340.04998779296875,115545,517.7999877929688,517.8900146484375,517.0800170898438,517.6984252929688,517.6984252929688,754826,373.510009765625,373.67999267578125,373.3200988769531,373.55999755859375,373.55999755859375,122172
2026-09-25 14:10:00-04:00,673.22998046875,673.22998046875,671.5401000976562,672.530029296875,672.530029296875,24740,569.2449951171875,570.97998046875,568.2651977539062,570.8200073242188,570.8200073242188,89364,751.3800048828125,751.461669921875,750.8200073242188,751.3319702148438,751.3319702148438,85024,340.0400085449219,340.17999267578125,339.8599853515625,340.1099853515625,340.1099853515625,128828,517.739990234375,518.0700073242188,517.6500244140625,518.0245971679688,518.0245971679688,237737,373.5751037597656,374.1600036621094,373.55999755859375,374.1600036621094,374.1600036621094,200516
2026-09-25 14:15:00-04:00,672.760009765625,673.0499877929688,672.5651245117188,672.64501953125,672.64501953125,19684,570.6950073242188,571.0,568.5999755859375,569.2949829101562,569.2949829101562,55247,751.2999877929688,752.1900024414062,751.010009765625,751.5,751.5,123322,340.114990234375,340.2300109863281,339.95001220703125,340.0,340.0,134545,518.0399780273438,518.719970703125,517.6900024414062,518.5,518.5,255228,374.1669921875,374.3500061035156,373.69000244140625,374.20001220703125,374.20001220703125,257110
2026-09-25 14:20:00-04:00,672.760009765625,672.760009765625,672.2899780273438,672.4000244140625,672.4000244140625,20240,568.9600219726562,570.02001953125,568.8701171875,569.719970703125,569.719970703125,38103,751.5,751.6099853515625,750.9000244140625,751.2349853515625,751.2349853515625,138072,340.0050048828125,340.15948486328125,339.8399963378906,340.1000061035156,340.1000061035156,166153,518.52001953125,519.0800170898438,518.3699951171875,518.469970703125,518.469970703125,291409,374.19000244140625,374.3099060058594,373.3500061035156,373.385009765625,373.385009765625,237498
2026-09-25 14:25:00-04:00,672.510009765625,672.7899780273438,672.1624755859375,672.7899780273438,672.7899780273438,21938,569.5198974609375,569.9288940429688,568.2999877929688,568.5650024414062,568.5650024414062,38711,751.2349853515625,751.5499877929688,750.0,750.5,750.5,132871,340.1000061035156,340.20001220703125,339.6000061035156,339.8598937988281,339.8598937988281,188161,518.469970703125,518.6599731445312,517.6900024414062,517.8699951171875,517.8699951171875,211696,373.3999938964844,373.4910888671875,372.3500061035156,372.6549987792969,372.6549987792969,308062
2026-09-25 14:30:00-04:00,672.7899780273438,673.1500244140625,672.6099853515625,672.8200073242188,672.8200073242188,19552,568.6749877929688,570.0,568.5601196289062,569.219970703125,569.219970703125,53670,750.7100219726562,751.9500122070312,750.52197265625,751.580078125,751.580078125,113532,339.8399963378906,340.4150085449219,339.80999755859375,340.2449951171875,340.2449951171875,231818,517.8248901367188,518.5560302734375,517.739990234375,518.1900024414062,518.1900024414062,181812,372.6549987792969,373.989990234375,372.6199951171875,373.5400085449219,373.5400085449219,600825
2026-09-25 14:35:00-04:00,672.6900024414062,672.969970703125,671.9400024414062,672.3200073242188,672.3200073242188,28280,569.030029296875,569.4893188476562,567.5900268554688,567.6099853515625,567.6099853515625,46360,751.8900146484375,751.8900146484375,750.77001953125,751.3499755859375,751.3499755859375,86861,340.2449951171875,340.2449951171875,339.9200134277344,340.0450134277344,340.0450134277344,179060,518.2100219726562,518.3101196289062,517.3800048828125,517.5399780273438,517.5399780273438,172901,373.5799865722656,373.5799865722656,372.30999755859375,372.510009765625,372.510009765625,252376
2026-09-25 14:40:00-04:00,672.3200073242188,672.4400024414062,671.77001953125,671.79248046875,671.79248046875,19814,567.6840209960938,568.9998779296875,567.5,568.4299926757812,568.4299926757812,46745,751.22998046875,752.9600219726562,750.7700805664062,752.6500244140625,752.6500244140625,137353,340.0450134277344,340.3399963378906,339.9849853515625,340.2950134277344,340.2950134277344,211612,517.5449829101562,517.8900146484375,517.2100219726562,517.8900146484375,517.8900146484375,188968,372.5199890136719,373.20001220703125,372.43011474609375,373.1499938964844,373.1499938964844,171196
2026-09-25 14:45:00-04:00,671.7949829101562,672.22998046875,671.6699829101562,672.1799926757812,672.1799926757812,20700,568.469970703125,568.7399291992188,567.1199951171875,568.0,568.0,53910,752.6500244140625,753.3399047851562,752.1898193359375,752.97998046875,752.97998046875,200282,340.29998779296875,340.31500244140625,340.010009765625,340.1199951171875,340.1199951171875,217115,517.8699951171875,518.10791015625,516.8300170898438,516.8800048828125,516.8800048828125,228987,373.1099853515625,373.20001220703125,372.3700866699219,372.57000732421875,372.57000732421875,157612
2026-09-25 14:50:00-04:00,672.1925048828125,672.6400146484375,672.1849975585938,672.2775268554688,672.2775268554688,26978,567.9099731445312,568.344970703125,566.989990234375,567.280029296875,567.280029296875,48373,752.97998046875,753.1300048828125,752.3200073242188,752.469970703125,752.469970703125,136814,340.1300048828125,340.3999938964844,340.0801086425781,340.19000244140625,340.19000244140625,687568,516.8800048828125,517.0,516.280029296875,516.281494140625,516.281494140625,213458,372.57000732421875,372.6700134277344,372.25,372.3550109863281,372.3550109863281,171194
2026-09-25 14:55:00-04:00,672.2949829101562,672.3800048828125,671.7249755859375,672.3200073242188,672.3200073242188,26254,567.5,567.919921875,566.7111206054688,566.864990234375,566.864990234375,57531,752.4550170898438,752.5,751.2999877929688,751.8599853515625,751.8599853515625,153765,340.19500732421875,340.32000732421875,340.1099853515625,340.2200012207031,340.2200012207031,1391885,516.3594970703125,516.638671875,516.1900024414062,516.280029296875,516.280029296875,181160,372.3550109863281,372.5400085449219,371.79998779296875,372.1300048828125,372.1300048828125,227262
2026-09-25 15:00:00-04:00,672.3800048828125,672.52001953125,671.7000122070312,671.8150024414062,671.8150024414062,24080,566.9600219726562,567.5900268554688,564.4099731445312,564.7100219726562,564.7100219726562,96377,751.7899780273438,752.489990234375,751.22998046875,751.77001953125,751.77001953125,115893,340.2200012207031,340.4800109863281,340.21051025390625,340.2799987792969,340.2799987792969,227183,516.3099975585938,516.9099731445312,516.2899780273438,516.5399780273438,516.5399780273438,159804,372.1050109863281,372.17999267578125,371.4849853515625,371.8599853515625,371.8599853515625,224349
2026-09-25 15:05:00-04:00,671.8150024414062,672.4000244140625,671.7650146484375,671.8499755859375,671.8499755859375,27718,564.67041015625,565.5999755859375,563.3034057617188,565.5999755859375,565.5999755859375,101383,751.8300170898438,752.0700073242188,750.9503173828125,751.717529296875,751.717529296875,157498,340.2900085449219,340.45001220703125,340.1099853515625,340.3900146484375,340.3900146484375,173856,516.5700073242188,517.1599731445312,516.5399780273438,516.6699829101562,516.6699829101562,231445,371.8999938964844,372.2799987792969,371.7500915527344,371.7699890136719,371.7699890136719,175633
2026-09-25 15:10:00-04:00,671.7999877929688,672.4400024414062,671.6442260742188,672.375,672.375,31142,565.4000244140625,566.2073974609375,565.1500244140625,565.9027099609375,565.9027099609375,57104,751.7050170898438,752.4763793945312,751.5999755859375,751.635009765625,751.635009765625,134091,340.3800048828125,340.4100036621094,340.1199951171875,340.3999938964844,340.3999938964844,196363,516.7100219726562,516.719970703125,515.77001953125,516.080078125,516.080078125,247819,371.7900085449219,372.1600036621094,371.6499938964844,372.1449890136719,372.1449890136719,191328
2026-09-25 15:15:00-04:00,672.280029296875,672.2999877929688,671.2750244140625,671.2750244140625,671.2750244140625,21972,565.7000122070312,566.0999145507812,564.6690063476562,565.702392578125,565.702392578125,85314,751.6900024414062,751.75,750.8400268554688,750.8699951171875,750.8699951171875,155077,340.4049987792969,340.45001220703125,340.1099853515625,340.114990234375,340.114990234375,183782,516.1699829101562,516.7249755859375,515.8800048828125,516.3200073242188,516.3200073242188,256613,372.1199951171875,372.2900085449219,371.94000244140625,372.0050048828125,372.0050048828125,106490
2026-09-25 15:20:00-04:00,671.2750244140625,671.3400268554688,670.3200073242188,670.3200073242188,670.3200073242188,34934,565.702392578125,566.5130004882812,565.702392578125,566.27001953125,566.27001953125,68689,750.8009033203125,751.4099731445312,750.739990234375,751.3400268554688,751.3400268554688,114447,340.1199951171875,340.17999267578125,339.8999938964844,339.9549865722656,339.9549865722656,277006,516.35498046875,516.6799926757812,515.719970703125,515.8400268554688,515.8400268554688,179752,371.97601318359375,372.1300048828125,371.67999267578125,371.9649963378906,371.9649963378906,146123
2026-09-25 15:25:00-04:00,670.3200073242188,670.4199829101562,669.3150024414062,669.8599853515625,669.8599853515625,42400,566.2700805664062,566.7463989257812,564.9299926757812,565.5,565.5,60836,751.4074096679688,752.25,750.0100708007812,750.27001953125,750.27001953125,208175,339.9599914550781,340.19989013671875,339.8800048828125,340.0199890136719,340.0199890136719,329200,515.8699951171875,516.25,515.35498046875,516.10498046875,516.10498046875,207525,371.9403076171875,372.0,371.3699951171875,371.3999938964844,371.3999938964844,234617
2026-09-25 15:30:00-04:00,669.8599853515625,672.0,669.77001953125,671.8699951171875,671.8699951171875,74588,565.2150268554688,565.5499267578125,563.2700805664062,563.2700805664062,563.2700805664062,72514,750.35498046875,751.3499755859375,749.4000854492188,750.7100830078125,750.7100830078125,249669,340.010009765625,340.3059997558594,339.8999938964844,340.2401123046875,340.2401123046875,217307,516.10498046875,516.4400024414062,515.4000244140625,515.5618896484375,515.5618896484375,264265,371.45001220703125,371.7900085449219,371.29998779296875,371.32000732421875,371.32000732421875,289928
2026-09-25 15:35:00-04:00,672.010009765625,672.7349853515625,671.780029296875,672.4249877929688,672.4249877929688,70418,563.5,565.6798706054688,563.1099853515625,565.39990234375,565.39990234375,92256,750.7100830078125,752.4299926757812,750.7100830078125,751.7899780273438,751.7899780273438,223131,340.25,340.6099853515625,340.0071105957031,340.6050109863281,340.6050109863281,826728,515.5900268554688,516.3300170898438,515.4619750976562,516.2498779296875,516.2498779296875,285692,371.29998779296875,371.4700012207031,371.0199890136719,371.30999755859375,371.30999755859375,286936
2026-09-25 15:40:00-04:00,672.3099975585938,674.1900024414062,672.1099853515625,673.5050048828125,673.5050048828125,56656,565.2249755859375,565.85791015625,564.0,564.8900146484375,564.8900146484375,85904,751.6799926757812,752.5800170898438,751.1500244140625,752.4099731445312,752.4099731445312,195511,340.6050109863281,340.94000244140625,340.57000732421875,340.8500061035156,340.8500061035156,442327,516.1588134765625,516.3300170898438,515.6199951171875,515.989990234375,515.989990234375,240553,371.3299865722656,371.80999755859375,371.1499938964844,371.6549987792969,371.6549987792969,248768
2026-09-25 15:45:00-04:00,673.5900268554688,674.77001953125,673.4199829101562,673.97998046875,673.97998046875,72804,565.1799926757812,566.4199829101562,565.0213012695312,565.8400268554688,565.8400268554688,90718,752.4500122070312,753.5900268554688,752.2349853515625,752.7000122070312,752.7000122070312,295830,340.8500061035156,341.3550109863281,340.8450012207031,341.2200012207031,341.2200012207031,700448,516.030029296875,516.6099853515625,515.3400268554688,515.4349975585938,515.4349975585938,361538,371.67498779296875,372.45001220703125,371.5899963378906,371.8999938964844,371.8999938964844,363600
2026-09-25 15:50:00-04:00,673.97998046875,674.6400146484375,673.530029296875,674.4000244140625,674.4000244140625,95158,565.8599853515625,566.22998046875,562.510009765625,562.9500122070312,562.9500122070312,120557,752.7899780273438,753.5499877929688,750.3402099609375,752.5050048828125,752.5050048828125,469114,341.2300109863281,341.6700134277344,341.0199890136719,341.0450134277344,341.0450134277344,650505,515.47998046875,516.7000122070312,515.47998046875,516.25,516.25,595011,371.9100036621094,372.260009765625,371.6099853515625,372.07000732421875,372.07000732421875,418563
2026-09-25 15:55:00-04:00,674.3599853515625,675.1900024414062,673.9500122070312,674.5499877929688,674.5499877929688,274720,562.25,563.8800048828125,561.0800170898438,562.9000244140625,562.9000244140625,283940,752.4199829101562,753.7999877929688,750.8900756835938,751.9000244140625,751.9000244140625,1553152,341.05999755859375,341.1000061035156,340.6300048828125,341.0400085449219,341.0400085449219,1074366,516.1699829101562,516.8699951171875,515.8699951171875,516.0999755859375,516.0999755859375,1424018,372.07000732421875,372.8900146484375,371.9601135253906,372.0799865722656,372.0799865722656,992063
